review_score,delivery_days
1.0,20.84997341839447
2.0,16.194831689901395
3.0,13.793242055018213
4.0,11.848053931637436
5.0,10.224153945915631
